TC00002,LR699748.2,95.336,729,29,5,168,894,4354,3629,0.0,1144
TC00002,LR699748.2,95.062,729,31,5,168,894,12576,11851,0.0,1135
TC00002,LR699748.2,89.474,152,16,0,26,177,4026,4177,7.49e-50,203
TC00002,LR699748.2,88.816,152,17,0,26,177,12248,12399,3.18e-48,198
TC00002,LR699748.2,100.000,33,0,0,634,666,10382511,10382479,5.77e-07,60.8
TC00002,LR699748.2,100.000,32,0,0,1,32,4026,3995,2.01e-06,59.0
TC00002,LR699748.2,100.000,32,0,0,1,32,12248,12217,2.01e-06,59.0
TC00002,LR699773.1,95.336,729,29,5,168,894,8837,8112,0.0,1144
TC00002,LR699773.1,95.336,729,29,5,168,894,19303,18578,0.0,1144
TC00002,LR699773.1,95.336,729,29,5,168,894,29709,28984,0.0,1144
TC00002,LR699773.1,89.474,152,16,0,26,177,8509,8660,7.49e-50,203
TC00002,LR699773.1,89.474,152,16,0,26,177,18975,19126,7.49e-50,203
TC00002,LR699773.1,89.474,152,16,0,26,177,29381,29532,7.49e-50,203
TC00002,LR699773.1,100.000,33,0,0,634,666,10587281,10587249,5.77e-07,60.8
TC00002,LR699773.1,100.000,32,0,0,1,32,8509,8478,2.01e-06,59.0
TC00002,LR699773.1,100.000,32,0,0,1,32,18975,18944,2.01e-06,59.0
TC00002,LR699773.1,100.000,32,0,0,1,32,29381,29350,2.01e-06,59.0
TC00002,LR699772.1,95.336,729,29,5,168,894,14215790,14215065,0.0,1144
TC00002,LR699772.1,95.336,729,29,5,168,894,14225962,14225237,0.0,1144
TC00002,LR699772.1,95.336,729,29,5,168,894,14236138,14235413,0.0,1144
TC00002,LR699772.1,95.336,729,29,5,168,894,14251686,14250961,0.0,1144
TC00002,LR699772.1,89.474,152,16,0,26,177,14215462,14215613,7.49e-50,203
TC00002,LR699772.1,89.474,152,16,0,26,177,14225634,14225785,7.49e-50,203
TC00002,LR699772.1,89.474,152,16,0,26,177,14235810,14235961,7.49e-50,203
TC00002,LR699772.1,89.474,152,16,0,26,177,14251358,14251509,7.49e-50,203
TC00002,LR699772.1,100.000,32,0,0,1,32,14215462,14215431,2.01e-06,59.0
TC00002,LR699772.1,100.000,32,0,0,1,32,14225634,14225603,2.01e-06,59.0
TC00002,LR699772.1,100.000,32,0,0,1,32,14235810,14235779,2.01e-06,59.0
TC00002,LR699772.1,100.000,32,0,0,1,32,14251358,14251327,2.01e-06,59.0
TC00002,LR699771.1,95.336,729,29,5,168,894,25616,24891,0.0,1144
TC00002,LR699771.1,89.474,152,16,0,26,177,25288,25439,7.49e-50,203
TC00002,LR699771.1,100.000,32,0,0,1,32,25288,25257,2.01e-06,59.0
TC00002,LR699762.1,95.336,729,29,5,168,894,14026933,14026208,0.0,1144
TC00002,LR699762.1,95.336,729,29,5,168,894,14036510,14035785,0.0,1144
TC00002,LR699762.1,93.878,735,30,14,168,894,14017362,14016635,0.0,1074
TC00002,LR699762.1,89.474,152,16,0,26,177,14026605,14026756,7.49e-50,203
TC00002,LR699762.1,89.474,152,16,0,26,177,14036182,14036333,7.49e-50,203
TC00002,LR699762.1,86.782,174,19,3,6,177,14017015,14017186,2.61e-49,201
TC00002,LR699762.1,100.000,32,0,0,1,32,14026605,14026574,2.01e-06,59.0
TC00002,LR699762.1,100.000,32,0,0,1,32,14036182,14036151,2.01e-06,59.0
TC00002,LR699762.1,96.875,32,0,1,1,32,14017034,14017004,0.001,50.9
TC00002,LR699752.1,95.336,729,29,5,168,894,13331782,13331057,0.0,1144
TC00002,LR699752.1,95.336,729,29,5,168,894,13341748,13341023,0.0,1144
TC00002,LR699752.1,95.336,729,29,5,168,894,13363375,13362650,0.0,1144
TC00002,LR699752.1,95.336,729,29,5,168,894,13370401,13369676,0.0,1144
TC00002,LR699752.1,95.336,729,29,5,168,894,13380350,13379625,0.0,1144
TC00002,LR699752.1,95.336,729,29,5,168,894,13390300,13389575,0.0,1144
TC00002,LR699752.1,95.199,729,30,5,168,894,13352794,13352069,0.0,1140
TC00002,LR699752.1,89.474,152,16,0,26,177,13331454,13331605,7.49e-50,203
TC00002,LR699752.1,89.474,152,16,0,26,177,13341420,13341571,7.49e-50,203
TC00002,LR699752.1,89.474,152,16,0,26,177,13352466,13352617,7.49e-50,203
TC00002,LR699752.1,89.474,152,16,0,26,177,13363047,13363198,7.49e-50,203
TC00002,LR699752.1,89.474,152,16,0,26,177,13370073,13370224,7.49e-50,203
TC00002,LR699752.1,89.474,152,16,0,26,177,13380022,13380173,7.49e-50,203
TC00002,LR699752.1,89.474,152,16,0,26,177,13389972,13390123,7.49e-50,203
TC00002,LR699752.1,100.000,32,0,0,1,32,13331454,13331423,2.01e-06,59.0
TC00002,LR699752.1,100.000,32,0,0,1,32,13341420,13341389,2.01e-06,59.0
TC00002,LR699752.1,100.000,32,0,0,1,32,13352466,13352435,2.01e-06,59.0
TC00002,LR699752.1,100.000,32,0,0,1,32,13363047,13363016,2.01e-06,59.0
TC00002,LR699752.1,100.000,32,0,0,1,32,13370073,13370042,2.01e-06,59.0
TC00002,LR699752.1,100.000,32,0,0,1,32,13380022,13379991,2.01e-06,59.0
TC00002,LR699752.1,100.000,32,0,0,1,32,13389972,13389941,2.01e-06,59.0
TC00002,LR699751.1,95.336,729,29,5,168,894,8795,8070,0.0,1144
TC00002,LR699751.1,89.474,152,16,0,26,177,8467,8618,7.49e-50,203
TC00002,LR699751.1,100.000,32,0,0,1,32,8467,8436,2.01e-06,59.0
TC00002,LR215055.1,95.336,729,29,5,168,894,8837,8112,0.0,1144
TC00002,LR215055.1,95.336,729,29,5,168,894,19303,18578,0.0,1144
TC00002,LR215055.1,95.336,729,29,5,168,894,29709,28984,0.0,1144
TC00002,LR215055.1,89.474,152,16,0,26,177,8509,8660,7.49e-50,203
TC00002,LR215055.1,89.474,152,16,0,26,177,18975,19126,7.49e-50,203
TC00002,LR215055.1,89.474,152,16,0,26,177,29381,29532,7.49e-50,203
TC00002,LR215055.1,100.000,33,0,0,634,666,10502419,10502387,5.77e-07,60.8
TC00002,LR215055.1,100.000,32,0,0,1,32,8509,8478,2.01e-06,59.0
TC00002,LR215055.1,100.000,32,0,0,1,32,18975,18944,2.01e-06,59.0
TC00002,LR215055.1,100.000,32,0,0,1,32,29381,29350,2.01e-06,59.0
TC00002,LR215054.1,95.336,729,29,5,168,894,14248693,14247968,0.0,1144
TC00002,LR215054.1,95.336,729,29,5,168,894,14258865,14258140,0.0,1144
TC00002,LR215054.1,95.336,729,29,5,168,894,14269041,14268316,0.0,1144
TC00002,LR215054.1,95.336,729,29,5,168,894,14284589,14283864,0.0,1144
TC00002,LR215054.1,89.474,152,16,0,26,177,14248365,14248516,7.49e-50,203
TC00002,LR215054.1,89.474,152,16,0,26,177,14258537,14258688,7.49e-50,203
TC00002,LR215054.1,89.474,152,16,0,26,177,14268713,14268864,7.49e-50,203
TC00002,LR215054.1,89.474,152,16,0,26,177,14284261,14284412,7.49e-50,203
TC00002,LR215054.1,100.000,32,0,0,1,32,14248365,14248334,2.01e-06,59.0
TC00002,LR215054.1,100.000,32,0,0,1,32,14258537,14258506,2.01e-06,59.0
TC00002,LR215054.1,100.000,32,0,0,1,32,14268713,14268682,2.01e-06,59.0
TC00002,LR215054.1,100.000,32,0,0,1,32,14284261,14284230,2.01e-06,59.0
TC00002,LR215053.1,95.336,729,29,5,168,894,17727,17002,0.0,1144
TC00002,LR215053.1,89.474,152,16,0,26,177,17399,17550,7.49e-50,203
TC00002,LR215053.1,100.000,32,0,0,1,32,17399,17368,2.01e-06,59.0
TC00002,LS466782.1,95.336,729,29,5,168,894,1837,1112,0.0,1144
TC00002,LS466782.1,89.474,152,16,0,26,177,1509,1660,7.49e-50,203
TC00002,LS466782.1,100.000,32,0,0,1,32,1509,1478,2.01e-06,59.0
TC00002,LT949017.1,95.336,729,29,5,168,894,1837,1112,0.0,1144
TC00002,LT949017.1,89.474,152,16,0,26,177,1509,1660,7.49e-50,203
TC00002,LT949017.1,100.000,32,0,0,1,32,1509,1478,2.01e-06,59.0
TC00002,NR_143912.1,95.336,729,29,5,168,894,1511,786,0.0,1144
TC00002,NR_143912.1,89.474,152,16,0,26,177,1183,1334,7.49e-50,203
TC00002,NR_143912.1,100.000,32,0,0,1,32,1183,1152,2.01e-06,59.0
TC00002,CP002686.1,95.336,729,29,5,168,894,14201725,14201000,0.0,1144
TC00002,CP002686.1,89.474,152,16,0,26,177,14201397,14201548,7.49e-50,203
TC00002,CP002686.1,100.000,32,0,0,1,32,14201397,14201366,2.01e-06,59.0
TC00002,AK230153.1,95.336,729,29,5,168,894,1876,2601,0.0,1144
TC00002,AK230153.1,89.474,152,16,0,26,177,2204,2053,7.49e-50,203
TC00002,AK230153.1,100.000,32,0,0,1,32,2204,2235,2.01e-06,59.0
TC00002,AY090986.1,95.336,729,29,5,168,894,964,239,0.0,1144
TC00002,AY090986.1,89.474,152,16,0,26,177,636,787,7.49e-50,203
TC00002,AY090986.1,100.000,32,0,0,1,32,636,605,2.01e-06,59.0
TC00002,BX820499.1,95.336,729,29,5,168,894,976,251,0.0,1144
TC00002,BX820499.1,89.474,152,16,0,26,177,648,799,7.49e-50,203
TC00002,BX820499.1,100.000,32,0,0,1,32,648,617,2.01e-06,59.0
TC00002,LS459607.1,94.650,729,34,5,168,894,1944,1219,0.0,1122
TC00002,LS459607.1,88.158,152,18,0,26,177,1616,1767,3.88e-47,194
TC00002,LS459607.1,100.000,32,0,0,1,32,1616,1585,2.01e-06,59.0
TC00002,LT941842.1,94.650,729,34,5,168,894,1944,1219,0.0,1122
TC00002,LT941842.1,88.158,152,18,0,26,177,1616,1767,3.88e-47,194
TC00002,LT941842.1,100.000,32,0,0,1,32,1616,1585,2.01e-06,59.0
TC00002,CP002685.1,94.650,729,34,5,168,894,7754,7029,0.0,1122
TC00002,CP002685.1,88.158,152,18,0,26,177,7426,7577,3.88e-47,194
TC00002,CP002685.1,100.000,32,0,0,1,32,7426,7395,2.01e-06,59.0
TC00002,AC006837.16,94.650,729,34,5,168,894,6754,6029,0.0,1122
TC00002,AC006837.16,88.158,152,18,0,26,177,6426,6577,3.88e-47,194
TC00002,AC006837.16,100.000,32,0,0,1,32,6426,6395,2.01e-06,59.0
TC00002,X52322.1,94.239,729,29,9,168,894,8162,7445,0.0,1097
TC00002,X52322.1,86.184,152,16,2,26,177,7841,7987,1.04e-41,176
TC00002,X52322.1,100.000,32,0,0,1,32,7841,7810,2.01e-06,59.0
TC00002,X52320.1,94.239,729,29,9,168,894,2458,1741,0.0,1097
TC00002,X52320.1,86.184,152,16,2,26,177,2137,2283,1.04e-41,176
TC00002,X52320.1,100.000,32,0,0,1,32,2137,2106,2.01e-06,59.0
TC00002,LR699746.2,92.867,729,35,6,168,894,26385,25672,0.0,1069
TC00002,LR699746.2,93.080,448,29,2,168,615,29461,29016,0.0,662
TC00002,LR699746.2,91.489,141,10,2,623,762,26964,26825,3.88e-47,194
TC00002,LR699746.2,86.842,152,20,0,26,177,29133,29284,2.01e-44,185
TC00002,LR699746.2,90.551,127,11,1,26,152,26069,26194,1.27e-40,172
TC00002,LR699746.2,100.000,32,0,0,1,32,26069,26038,2.01e-06,59.0
TC00002,LR699746.2,96.875,32,1,0,1,32,29133,29102,8.56e-05,54.5
TC00002,LR699753.1,92.349,745,33,21,167,894,2763,2026,0.0,1014
TC00002,LR699753.1,94.539,531,26,3,168,697,21440,20912,0.0,817
TC00002,LR699753.1,93.778,225,11,3,672,894,41978,41755,6.13e-89,333
TC00002,LR699753.1,89.474,152,16,0,26,177,21112,21263,7.49e-50,203
TC00002,LR699753.1,93.750,128,7,1,768,894,20914,20787,1.35e-46,192
TC00002,LR699753.1,88.028,142,14,3,38,177,2443,2583,1.54e-39,169
TC00002,LR699753.1,100.000,33,0,0,634,666,10374845,10374813,5.77e-07,60.8
TC00002,LR699753.1,100.000,32,0,0,1,32,2432,2401,2.01e-06,59.0
TC00002,LR699753.1,100.000,32,0,0,1,32,21112,21081,2.01e-06,59.0
TC00002,AC004708.1,88.679,742,53,9,168,894,18356,17631,0.0,948
TC00002,AC004708.1,87.808,689,62,8,217,894,7892,7215,0.0,848
TC00002,AC004708.1,90.909,121,11,0,57,177,7643,7763,1.54e-39,169
TC00002,AC004708.1,72.050,161,27,2,26,177,18028,18179,2.80e-17,96.0
TC00002,AC004708.1,100.000,32,0,0,1,32,18028,17997,2.01e-06,59.0
TC00002,AC004708.1,85.714,35,5,0,143,177,18095,18129,0.54,41.9
TC00002,NR_143715.1,95.433,416,15,4,420,833,414,1,0.0,651
TC00002,NR_143715.1,89.744,78,8,0,26,103,337,414,1.55e-20,105
TC00002,NR_143715.1,100.000,32,0,0,1,32,337,306,2.01e-06,59.0
TC00002,HG968118.1,94.521,73,3,1,69,140,1,73,3.64e-22,111
TC00002,HG968118.1,94.521,73,3,1,383,454,73,1,3.64e-22,111
TC00002,NR_143716.1,87.356,87,10,1,168,254,86,1,5.40e-20,104
TC00002,HG968141.1,86.842,76,10,0,65,140,27,102,9.76e-17,93.3
TC00002,HG968141.1,86.842,76,10,0,383,458,102,27,9.76e-17,93.3
TC00002,HG968062.1,87.013,77,9,1,65,140,1,77,3.41e-16,91.5
TC00002,HG968062.1,87.013,77,9,1,383,458,77,1,3.41e-16,91.5
TC00002,HG968530.1,87.179,78,6,4,67,140,1,78,1.76e-13,82.4
TC00002,HG968530.1,87.179,78,6,4,383,456,78,1,1.76e-13,82.4
TC00002,HG968130.1,82.090,67,12,0,74,140,1,67,3.89e-09,68.0
TC00002,HG968130.1,82.090,67,12,0,383,449,67,1,3.89e-09,68.0
TC00002,LR699768.1,100.000,33,0,0,634,666,10100014,10099982,5.77e-07,60.8
TC00002,LR699758.1,100.000,33,0,0,634,666,10291995,10291963,5.77e-07,60.8
TC00002,LS471369.1,100.000,33,0,0,634,666,49,17,5.77e-07,60.8
TC00002,LT953604.1,100.000,33,0,0,634,666,49,17,5.77e-07,60.8
TC00002,CP002687.1,100.000,33,0,0,634,666,10112468,10112436,5.77e-07,60.8
TC00002,AL161548.2,100.000,33,0,0,634,666,79749,79717,5.77e-07,60.8
TC00002,AL021713.1,100.000,33,0,0,634,666,51362,51330,5.77e-07,60.8
TC00002,HG968462.1,90.244,41,4,0,100,140,1,41,7.02e-06,57.2
TC00002,HG968462.1,90.244,41,4,0,383,423,41,1,7.02e-06,57.2
TC00002,HG968268.1,84.314,51,8,0,87,137,1,51,7.02e-06,57.2
TC00002,HG968268.1,84.314,51,8,0,386,436,51,1,7.02e-06,57.2
TC00002,AB961371.1,100.000,30,0,0,540,569,30,1,2.45e-05,55.4
TC00002,AB955534.1,100.000,30,0,0,246,275,30,1,2.45e-05,55.4
TC00002,AB955520.1,100.000,30,0,0,637,666,30,1,2.45e-05,55.4
TC00002,AB955493.1,100.000,30,0,0,539,568,30,1,2.45e-05,55.4
TC00002,AB949363.1,100.000,30,0,0,527,556,30,1,2.45e-05,55.4
TC00002,AB958998.1,100.000,30,0,0,830,859,30,1,2.45e-05,55.4
TC00002,AB953625.1,100.000,30,0,0,309,338,30,1,2.45e-05,55.4
TC00002,HG967838.1,84.000,50,8,0,87,136,1,50,2.45e-05,55.4
TC00002,HG967838.1,84.000,50,8,0,387,436,50,1,2.45e-05,55.4
TC00002,AB951057.1,100.000,29,0,0,724,752,29,1,8.56e-05,53.6
TC00002,AB966426.1,100.000,29,0,0,638,666,29,1,8.56e-05,53.6
TC00002,AB959852.1,100.000,29,0,0,550,578,29,1,8.56e-05,53.6
TC00002,AB950362.1,100.000,29,0,0,538,566,29,1,8.56e-05,53.6
TC00002,AB948958.1,100.000,29,0,0,833,861,29,1,8.56e-05,53.6
TC00002,AB952794.1,100.000,29,0,0,539,567,29,1,8.56e-05,53.6
TC00002,AB964793.1,100.000,29,0,0,247,275,29,1,8.56e-05,53.6
TC00002,AB961563.1,100.000,29,0,0,540,568,29,1,8.56e-05,53.6
TC00002,HG967767.1,89.744,39,4,0,96,134,2,40,8.56e-05,53.6
TC00002,HG967767.1,89.744,39,4,0,389,427,40,2,8.56e-05,53.6
TC00002,LR699763.1,96.970,33,0,1,634,666,9871094,9871063,2.99e-04,52.7
TC00002,AB957214.1,100.000,28,0,0,819,846,28,1,2.99e-04,51.8
TC00002,AB967247.1,100.000,28,0,0,282,309,28,1,2.99e-04,51.8
TC00002,AB964108.1,100.000,28,0,0,249,276,28,1,2.99e-04,51.8
TC00002,AB956803.1,100.000,28,0,0,725,752,28,1,2.99e-04,51.8
TC00002,AB951344.1,100.000,28,0,0,867,894,30,3,2.99e-04,51.8
TC00002,AB967893.1,100.000,28,0,0,496,523,28,1,2.99e-04,51.8
TC00002,AB967893.1,100.000,26,0,0,1,26,26,1,0.004,48.2
TC00002,AB960469.1,100.000,28,0,0,539,566,28,1,2.99e-04,51.8
TC00002,AB955980.1,100.000,28,0,0,501,528,28,1,2.99e-04,51.8
TC00002,AB955980.1,100.000,28,0,0,4,31,28,1,2.99e-04,51.8
TC00002,AB959746.1,100.000,28,0,0,483,510,28,1,2.99e-04,51.8
TC00002,AB959714.1,100.000,28,0,0,549,576,28,1,2.99e-04,51.8
TC00002,AB965679.1,100.000,28,0,0,726,753,28,1,2.99e-04,51.8
TC00002,AB962605.1,100.000,28,0,0,245,272,28,1,2.99e-04,51.8
TC00002,AB949923.1,100.000,28,0,0,513,540,28,1,2.99e-04,51.8
TC00002,AB949067.1,100.000,28,0,0,658,685,28,1,2.99e-04,51.8
TC00002,AB948956.1,100.000,28,0,0,248,275,28,1,2.99e-04,51.8
TC00002,AB958180.1,100.000,28,0,0,832,859,28,1,2.99e-04,51.8
TC00002,AB961968.1,100.000,28,0,0,536,563,28,1,2.99e-04,51.8
TC00002,AB961666.1,100.000,28,0,0,590,617,30,3,2.99e-04,51.8
TC00002,AB961631.1,100.000,28,0,0,533,560,28,1,2.99e-04,51.8
TC00002,AB951882.1,100.000,28,0,0,654,681,28,1,2.99e-04,51.8
TC00002,AB967320.1,96.667,30,1,0,595,624,30,1,0.001,50.9
TC00002,AB950969.1,96.667,30,1,0,608,637,30,1,0.001,50.9
TC00002,AB967554.1,96.667,30,1,0,62,91,1,30,0.001,50.9
TC00002,AB967554.1,96.667,30,1,0,432,461,30,1,0.001,50.9
TC00002,AB966052.1,96.667,30,1,0,616,645,30,1,0.001,50.9
TC00002,AB962798.1,96.667,30,1,0,601,630,30,1,0.001,50.9
TC00002,AB962708.1,96.667,30,1,0,61,90,1,30,0.001,50.9
TC00002,AB962708.1,96.667,30,1,0,433,462,30,1,0.001,50.9
TC00002,AB962432.1,96.667,30,1,0,756,785,30,1,0.001,50.9
TC00002,AB949436.1,96.667,30,1,0,615,644,30,1,0.001,50.9
TC00002,AB954525.1,96.667,30,1,0,102,131,1,30,0.001,50.9
TC00002,AB954525.1,96.667,30,1,0,392,421,30,1,0.001,50.9
TC00002,AB952821.1,96.667,30,1,0,741,770,30,1,0.001,50.9
TC00002,AB957700.1,96.667,30,1,0,736,765,30,1,0.001,50.9
TC00002,AB964267.1,100.000,27,0,0,736,762,28,2,0.001,50.0
TC00002,AB964215.1,100.000,27,0,0,483,509,27,1,0.001,50.0
TC00002,AB960896.1,100.000,27,0,0,511,537,27,1,0.001,50.0
TC00002,AB963975.1,100.000,27,0,0,736,762,27,1,0.001,50.0
TC00002,AB960759.1,100.000,27,0,0,867,893,27,1,0.001,50.0
TC00002,AB951422.1,100.000,27,0,0,657,683,27,1,0.001,50.0
TC00002,AB951356.1,100.000,27,0,0,480,506,27,1,0.001,50.0
TC00002,AB967928.1,100.000,27,0,0,271,297,27,1,0.001,50.0
TC00002,AB967860.1,100.000,27,0,0,829,855,27,1,0.001,50.0
TC00003,LR699748.2,91.695,590,44,5,1,589,3861,3276,0.0,826
TC00003,LR699748.2,91.356,590,46,5,1,589,12083,11498,0.0,817
TC00003,LR699773.1,91.695,590,44,5,1,589,8344,7759,0.0,826
TC00003,LR699773.1,91.695,590,44,5,1,589,18810,18225,0.0,826
TC00003,LR699773.1,91.695,590,44,5,1,589,29216,28631,0.0,826
TC00003,LR699772.1,91.695,590,44,5,1,589,14225469,14224884,0.0,826
TC00003,LR699772.1,91.695,590,44,5,1,589,14235645,14235060,0.0,826
TC00003,LR699772.1,91.695,590,44,5,1,589,14251193,14250608,0.0,826
TC00003,LR699772.1,92.430,568,37,6,1,566,14215297,14214734,0.0,810
TC00003,LR699772.1,89.655,29,1,1,311,337,7302807,7302779,6.6,37.4
TC00003,LR699771.1,91.695,590,44,5,1,589,25123,24538,0.0,826
TC00003,LR699762.1,91.695,590,44,5,1,589,14026440,14025855,0.0,826
TC00003,LR699762.1,91.695,590,44,5,1,589,14036017,14035432,0.0,826
TC00003,LR699762.1,92.841,447,23,8,1,443,14016869,14016428,1.35e-179,635
TC00003,LR699752.1,91.695,590,44,5,1,589,13331289,13330704,0.0,826
TC00003,LR699752.1,91.695,590,44,5,1,589,13341255,13340670,0.0,826
TC00003,LR699752.1,91.695,590,44,5,1,589,13369908,13369323,0.0,826
TC00003,LR699752.1,91.695,590,44,5,1,589,13379857,13379272,0.0,826
TC00003,LR699752.1,91.695,590,44,5,1,589,13389807,13389222,0.0,826
TC00003,LR699752.1,91.525,590,45,5,1,589,13352301,13351716,0.0,821
TC00003,LR699752.1,91.525,590,45,5,1,589,13362882,13362297,0.0,821
TC00003,LR699752.1,89.655,29,1,1,311,337,7270108,7270080,6.6,37.4
TC00003,LR699751.1,91.695,590,44,5,1,589,8302,7717,0.0,826
TC00003,LR215055.1,91.695,590,44,5,1,589,8344,7759,0.0,826
TC00003,LR215055.1,91.695,590,44,5,1,589,18810,18225,0.0,826
TC00003,LR215055.1,91.695,590,44,5,1,589,29216,28631,0.0,826
TC00003,LR215054.1,91.695,590,44,5,1,589,14258372,14257787,0.0,826
TC00003,LR215054.1,91.695,590,44,5,1,589,14268548,14267963,0.0,826
TC00003,LR215054.1,91.695,590,44,5,1,589,14284096,14283511,0.0,826
TC00003,LR215054.1,92.430,568,37,6,1,566,14248200,14247637,0.0,810
TC00003,LR215054.1,89.655,29,1,1,311,337,7381551,7381523,6.6,37.4
TC00003,LR215053.1,91.695,590,44,5,1,589,17234,16649,0.0,826
TC00003,LS466782.1,91.695,590,44,5,1,589,1344,759,0.0,826
TC00003,LT949017.1,91.695,590,44,5,1,589,1344,759,0.0,826
TC00003,NR_143912.1,91.695,590,44,5,1,589,1018,433,0.0,826
TC00003,CP002686.1,91.695,590,44,5,1,589,14201232,14200647,0.0,826
TC00003,CP002686.1,89.655,29,1,1,311,337,7238584,7238556,6.6,37.4
TC00003,LS459607.1,91.525,590,45,5,1,589,1451,866,0.0,821
TC00003,LT941842.1,91.525,590,45,5,1,589,1451,866,0.0,821
TC00003,CP002685.1,91.525,590,45,5,1,589,7261,6676,0.0,821
TC00003,AC006837.16,91.525,590,45,5,1,589,6261,5676,0.0,821
TC00003,X52322.1,91.525,590,43,6,1,589,7676,7093,0.0,819
TC00003,X52320.1,91.525,590,43,6,1,589,1972,1389,0.0,819
TC00003,LR699753.1,91.566,581,44,5,10,589,41978,41402,0.0,810
TC00003,LR699753.1,89.950,597,45,13,1,589,2263,1674,0.0,762
TC00003,LR699753.1,90.909,484,41,3,106,589,20914,20434,0.0,664
TC00003,LR699753.1,88.571,35,4,0,1,35,20946,20912,0.013,46.4
TC00003,LR699746.2,90.653,567,48,5,1,566,25904,25342,0.0,766
TC00003,LR699746.2,90.099,101,8,2,1,100,26924,26825,3.88e-28,131
TC00003,BX820499.1,94.456,487,22,5,1,486,483,1,0.0,739
TC00003,AY090986.1,94.515,474,22,4,1,473,471,1,0.0,724
TC00003,AC004708.1,84.027,601,69,11,1,589,17863,17278,2.00e-177,627
TC00003,AC004708.1,83.025,595,86,13,1,589,7447,6862,3.86e-161,573
TC00003,AK230153.1,94.517,383,19,2,1,382,2369,2750,5.02e-166,590
TC00003,NR_143715.1,93.642,173,9,2,1,172,172,1,1.35e-65,256
TC00003,LR699749.2,91.489,47,4,0,433,479,20249468,20249514,3.89e-09,68.0
TC00003,LR699774.1,91.489,47,4,0,433,479,20076594,20076640,3.89e-09,68.0
TC00003,LR699769.1,91.489,47,4,0,433,479,20091913,20091959,3.89e-09,68.0
TC00003,LR699764.1,91.489,47,4,0,433,479,19954460,19954506,3.89e-09,68.0
TC00003,LR699759.1,91.489,47,4,0,433,479,20324187,20324233,3.89e-09,68.0
TC00003,LR699754.1,91.489,47,4,0,433,479,20526060,20526106,3.89e-09,68.0
TC00003,LR215056.1,91.489,47,4,0,433,479,19868626,19868672,3.89e-09,68.0
TC00003,LS477112.1,91.489,47,4,0,433,479,68,114,3.89e-09,68.0
TC00003,LT959347.1,91.489,47,4,0,433,479,68,114,3.89e-09,68.0
TC00003,NM_124408.4,91.489,47,4,0,433,479,1553,1599,3.89e-09,68.0
TC00003,CP002688.1,91.489,47,4,0,433,479,20464500,20464546,3.89e-09,68.0
TC00003,AB024031.1,91.489,47,4,0,433,479,59221,59267,3.89e-09,68.0
TC00003,AB951344.1,100.000,30,0,0,206,235,30,1,2.45e-05,55.4
TC00003,AB963264.1,100.000,30,0,0,433,462,30,1,2.45e-05,55.4
TC00003,AB949137.1,100.000,30,0,0,482,511,30,1,2.45e-05,55.4
TC00003,AB951057.1,100.000,29,0,0,62,90,29,1,8.56e-05,53.6
TC00003,AB963579.1,100.000,29,0,0,433,461,29,1,8.56e-05,53.6
TC00003,AB965842.1,100.000,29,0,0,227,255,29,1,8.56e-05,53.6
TC00003,AB958430.1,100.000,29,0,0,433,461,29,1,8.56e-05,53.6
TC00003,AB965130.1,100.000,29,0,0,443,471,29,1,8.56e-05,53.6
TC00003,AB952181.1,100.000,29,0,0,444,472,29,1,8.56e-05,53.6
TC00003,AB957214.1,100.000,28,0,0,158,185,28,1,2.99e-04,51.8
TC00003,AB967005.1,100.000,28,0,0,445,472,28,1,2.99e-04,51.8
TC00003,AB960696.1,100.000,28,0,0,291,318,28,1,2.99e-04,51.8
TC00003,AB956803.1,100.000,28,0,0,63,90,28,1,2.99e-04,51.8
TC00003,AB963645.1,100.000,28,0,0,207,234,28,1,2.99e-04,51.8
TC00003,AB965679.1,100.000,28,0,0,64,91,28,1,2.99e-04,51.8
TC00003,AB955451.1,100.000,28,0,0,434,461,28,1,2.99e-04,51.8
TC00003,AB957934.1,100.000,28,0,0,219,246,28,1,2.99e-04,51.8
TC00003,AB966823.1,96.667,30,1,0,240,269,30,1,0.001,50.9
TC00003,AB951119.1,96.667,30,1,0,242,271,30,1,0.001,50.9
TC00003,AB956190.1,96.667,30,1,0,243,272,30,1,0.001,50.9
TC00003,AB962432.1,96.667,30,1,0,94,123,30,1,0.001,50.9
TC00003,AB958998.1,96.667,30,1,0,169,198,30,1,0.001,50.9
TC00003,AB952821.1,96.667,30,1,0,79,108,30,1,0.001,50.9
TC00003,AB957700.1,96.667,30,1,0,74,103,30,1,0.001,50.9
TC00003,AB957654.1,96.667,30,1,0,408,437,30,1,0.001,50.9
TC00003,AB964267.1,100.000,27,0,0,74,100,28,2,0.001,50.0
TC00003,AB966764.1,100.000,27,0,0,484,510,27,1,0.001,50.0
TC00003,AB963975.1,100.000,27,0,0,74,100,27,1,0.001,50.0
TC00003,AB960759.1,100.000,27,0,0,206,232,27,1,0.001,50.0
TC00003,AB951071.1,100.000,27,0,0,445,471,27,1,0.001,50.0
TC00003,AB956373.1,100.000,27,0,0,479,505,27,1,0.001,50.0
TC00003,AB963357.1,100.000,27,0,0,207,233,27,1,0.001,50.0
TC00003,AB965532.1,100.000,27,0,0,64,90,27,1,0.001,50.0
TC00003,AB949569.1,100.000,27,0,0,65,91,27,1,0.001,50.0
TC00003,AB955063.1,100.000,27,0,0,403,429,27,1,0.001,50.0
TC00003,AB954322.1,100.000,27,0,0,212,238,27,1,0.001,50.0
TC00003,AB952527.1,100.000,27,0,0,160,186,27,1,0.001,50.0
TC00003,AB963636.1,96.552,29,1,0,94,122,29,1,0.004,49.1
TC00003,AB956396.1,96.552,29,1,0,414,442,29,1,0.004,49.1
TC00003,AB960031.1,96.552,29,1,0,243,271,29,1,0.004,49.1
TC00003,AB965773.1,96.552,29,1,0,244,272,29,1,0.004,49.1
TC00003,AB948958.1,96.552,29,1,0,172,200,29,1,0.004,49.1
TC00003,AB967039.1,100.000,26,0,0,433,458,26,1,0.004,48.2
TC00003,AB956882.1,100.000,26,0,0,443,468,26,1,0.004,48.2
TC00003,AB960107.1,100.000,26,0,0,155,180,26,1,0.004,48.2
TC00003,AB959566.1,100.000,26,0,0,159,184,26,1,0.004,48.2
TC00003,AB949528.1,100.000,26,0,0,74,99,26,1,0.004,48.2
TC00003,AB949264.1,100.000,26,0,0,205,230,26,1,0.004,48.2
TC00003,AB954747.1,100.000,26,0,0,445,470,26,1,0.004,48.2
TC00003,AB958848.1,100.000,26,0,0,486,511,26,1,0.004,48.2
TC00003,AB953019.1,100.000,26,0,0,206,231,26,1,0.004,48.2
TC00003,AB952049.1,100.000,26,0,0,207,232,26,1,0.004,48.2
TC00003,AB951718.1,100.000,26,0,0,65,90,26,1,0.004,48.2
TC00003,AB967287.1,96.429,28,1,0,94,121,28,1,0.013,47.3
TC00003,AB956331.1,96.429,28,1,0,414,441,28,1,0.013,47.3
TC00003,AB950821.1,96.429,28,1,0,80,107,28,1,0.013,47.3
TC00003,AB965989.1,96.429,28,1,0,246,273,28,1,0.013,47.3
TC00003,AB954175.1,96.429,28,1,0,244,271,28,1,0.013,47.3
TC00003,AB958180.1,96.429,28,1,0,171,198,28,1,0.013,47.3
TC00003,AB961974.1,96.429,28,1,0,410,437,28,1,0.013,47.3
TC00003,AB961632.1,96.429,28,1,0,390,417,28,1,0.013,47.3
TC00005,NM_111429.5,85.488,379,55,0,239,617,481,103,6.99e-120,436
TC00005,NM_202500.2,85.488,379,55,0,239,617,454,76,6.99e-120,436
TC00005,NM_001084643.1,85.488,379,55,0,239,617,667,289,6.99e-120,436
TC00005,AY065359.1,85.488,379,55,0,239,617,460,82,6.99e-120,436
TC00005,BX825154.1,85.488,379,55,0,239,617,464,86,6.99e-120,436
TC00005,BT002469.1,85.488,379,55,0,239,617,456,78,6.99e-120,436
TC00005,AY088594.1,85.488,379,55,0,239,617,459,81,6.99e-120,436
TC00005,BX825827.1,85.224,379,56,0,239,617,391,13,8.51e-119,432
TC00005,AY096581.1,85.333,375,55,0,239,613,375,1,1.04e-117,429
TC00005,BT006523.1,85.333,375,55,0,239,613,375,1,1.04e-117,429
TC00005,BX822452.1,84.697,379,58,0,239,617,667,289,4.41e-116,423
TC00005,AY085926.1,82.011,378,68,0,239,616,471,94,5.74e-102,376
TC00005,NM_122659.4,81.746,378,69,0,239,616,473,96,2.44e-100,371
TC00005,AK228333.1,81.746,378,69,0,239,616,448,71,2.44e-100,371
TC00005,AF326858.1,81.746,378,69,0,239,616,451,74,2.44e-100,371
TC00005,AF324721.1,81.746,378,69,0,239,616,452,75,2.44e-100,371
TC00005,AF339681.1,81.600,375,69,0,239,613,375,1,1.04e-98,366
TC00005,BT003099.1,81.600,375,69,0,239,613,375,1,1.04e-98,366
TC00005,BX832971.1,80.570,386,74,1,239,623,433,48,1.88e-95,355
TC00005,BX831516.1,76.781,379,87,1,239,616,440,62,2.79e-74,284
TC00005,LR699747.2,87.619,210,26,0,408,617,1628972,1628763,9.11e-68,262
TC00005,LR699747.2,88.194,144,17,0,239,382,1629330,1629187,7.01e-44,184
TC00005,LR699747.2,83.929,56,9,0,456,511,7182502,7182557,5.77e-07,61.7
TC00005,LR699747.2,89.655,29,3,0,456,484,7182373,7182401,1.9,40.1
TC00005,LR699747.2,85.294,34,5,0,328,361,15325849,15325816,1.9,40.1
TC00005,LR699747.2,92.308,26,2,0,243,268,7617827,7617802,1.9,39.2
TC00005,LR699747.2,95.652,23,1,0,105,127,20878979,20879001,6.6,38.3
TC00005,LR699772.1,87.619,210,26,0,408,617,1619202,1618993,9.11e-68,262
TC00005,LR699772.1,88.194,144,17,0,239,382,1619560,1619417,7.01e-44,184
TC00005,LR699772.1,83.929,56,9,0,456,511,7242624,7242679,5.77e-07,61.7
TC00005,LR699772.1,89.655,29,3,0,456,484,7242495,7242523,1.9,40.1
TC00005,LR699772.1,85.294,34,5,0,328,361,15798222,15798189,1.9,40.1
TC00005,LR699772.1,87.097,31,4,0,477,507,1581025,1581055,1.9,39.2
TC00005,LR699772.1,92.308,26,2,0,243,268,7683089,7683064,1.9,39.2
TC00005,LR699767.1,87.619,210,26,0,408,617,1630961,1630752,9.11e-68,262
TC00005,LR699767.1,88.194,144,17,0,239,382,1631319,1631176,7.01e-44,184
TC00005,LR699767.1,83.929,56,9,0,456,511,7207808,7207863,5.77e-07,61.7
TC00005,LR699767.1,89.655,29,3,0,456,484,7207679,7207707,1.9,40.1
TC00005,LR699767.1,87.097,31,4,0,477,507,1605026,1605056,1.9,39.2
TC00005,LR699767.1,92.308,26,2,0,243,268,7646389,7646364,1.9,39.2
TC00005,LR699762.1,87.619,210,26,0,408,617,1606848,1606639,9.11e-68,262
TC00005,LR699762.1,88.194,144,17,0,239,382,1607206,1607063,7.01e-44,184
TC00005,LR699762.1,83.929,56,9,0,456,511,7178302,7178357,5.77e-07,61.7
TC00005,LR699762.1,87.500,32,4,0,767,798,17016692,17016661,0.54,41.0
TC00005,LR699762.1,89.655,29,3,0,456,484,7178173,7178201,1.9,40.1
TC00005,LR699762.1,92.308,26,2,0,243,268,7617828,7617803,1.9,39.2
TC00005,LR699757.1,87.619,210,26,0,408,617,1626603,1626394,9.11e-68,262
TC00005,LR699757.1,88.194,144,17,0,239,382,1626961,1626818,7.01e-44,184
TC00005,LR699757.1,83.929,56,9,0,456,511,7200098,7200153,5.77e-07,61.7
TC00005,LR699757.1,89.655,29,3,0,456,484,7199969,7199997,1.9,40.1
TC00005,LR699757.1,92.308,26,2,0,243,268,7634685,7634660,1.9,39.2
TC00005,LR699752.1,87.619,210,26,0,408,617,1619904,1619695,9.11e-68,262
TC00005,LR699752.1,88.194,144,17,0,239,382,1620262,1620119,7.01e-44,184
TC00005,LR699752.1,83.929,56,9,0,456,511,7210144,7210199,5.77e-07,61.7
TC00005,LR699752.1,89.655,29,3,0,456,484,7210015,7210043,1.9,40.1
TC00005,LR699752.1,85.294,34,5,0,328,361,15121280,15121247,1.9,40.1
TC00005,LR699752.1,95.652,23,1,0,105,127,20625396,20625418,6.6,38.3
TC00005,LR215054.1,87.619,210,26,0,408,617,1619202,1618993,9.11e-68,262
TC00005,LR215054.1,88.194,144,17,0,239,382,1619560,1619417,7.01e-44,184
TC00005,LR215054.1,83.929,56,9,0,456,511,7321368,7321423,5.77e-07,61.7
TC00005,LR215054.1,89.655,29,3,0,456,484,7321239,7321267,1.9,40.1
TC00005,LR215054.1,85.294,34,5,0,328,361,15814110,15814077,1.9,40.1
TC00005,LR215054.1,87.097,31,4,0,477,507,1581025,1581055,1.9,39.2
TC00005,LR215054.1,92.308,26,2,0,243,268,7761833,7761808,1.9,39.2
TC00005,CP002686.1,87.619,210,26,0,408,617,1614846,1614637,9.11e-68,262
TC00005,CP002686.1,88.194,144,17,0,239,382,1615204,1615061,7.01e-44,184
TC00005,CP002686.1,83.929,56,9,0,456,511,7178360,7178415,5.77e-07,61.7
TC00005,CP002686.1,89.655,29,3,0,456,484,7178231,7178259,1.9,40.1
TC00005,CP002686.1,85.294,34,5,0,328,361,15896469,15896436,1.9,40.1
TC00005,CP002686.1,87.097,31,4,0,477,507,1588897,1588927,1.9,39.2
TC00005,CP002686.1,92.308,26,2,0,243,268,7614392,7614367,1.9,39.2
TC00005,AC011620.8,87.619,210,26,0,408,617,92287,92496,9.11e-68,262
TC00005,AC011620.8,88.194,144,17,0,239,382,91929,92072,7.01e-44,184
TC00005,AC009606.4,87.619,210,26,0,408,617,5997,6206,9.11e-68,262
TC00005,AC009606.4,88.194,144,17,0,239,382,5639,5782,7.01e-44,184
TC00005,AC009606.4,87.097,31,4,0,477,507,31946,31916,1.9,39.2
TC00005,LS464024.1,88.136,177,21,0,441,617,215,39,2.29e-56,225
TC00005,LT946259.1,88.136,177,21,0,441,617,215,39,2.29e-56,225
TC00005,LR699749.2,80.870,230,44,0,387,616,9827658,9827429,3.40e-54,217
TC00005,LR699749.2,84.722,144,22,0,239,382,9828379,9828236,2.29e-37,161
TC00005,LR699749.2,89.286,28,3,0,52,79,8937423,8937396,6.6,38.3
TC00005,LR699769.1,80.870,230,44,0,387,616,9886406,9886177,3.40e-54,217
TC00005,LR699769.1,84.722,144,22,0,239,382,9887127,9886984,2.29e-37,161
TC00005,LR699759.1,80.870,230,44,0,387,616,9816545,9816316,3.40e-54,217
TC00005,LR699759.1,84.722,144,22,0,239,382,9817266,9817123,2.29e-37,161
TC00005,LR699759.1,89.286,28,3,0,52,79,8885888,8885861,6.6,38.3
TC00005,LR699754.1,80.870,230,44,0,387,616,9886228,9885999,3.40e-54,217
TC00005,LR699754.1,84.722,144,22,0,239,382,9886949,9886806,2.29e-37,161
TC00005,LR699754.1,89.286,28,3,0,52,79,8966264,8966237,6.6,38.3
TC00005,LS474187.1,80.870,230,44,0,387,616,237,8,3.40e-54,217
TC00005,LT956422.1,80.870,230,44,0,387,616,237,8,3.40e-54,217
TC00005,CP002688.1,80.870,230,44,0,387,616,9836392,9836163,3.40e-54,217
TC00005,CP002688.1,84.722,144,22,0,239,382,9837113,9836970,2.29e-37,161
TC00005,CP002688.1,89.286,28,3,0,52,79,8924218,8924191,6.6,38.3
TC00005,AC069556.4,80.870,230,44,0,387,616,56646,56417,3.40e-54,217
TC00005,AC069556.4,84.722,144,22,0,239,382,57367,57224,2.29e-37,161
TC00005,LR699774.1,81.860,215,39,0,402,616,9835975,9835761,1.45e-52,213
TC00005,LR699774.1,84.722,144,22,0,239,382,9836711,9836568,2.29e-37,161
TC00005,LR699774.1,89.286,28,3,0,52,79,8941697,8941670,6.6,38.3
TC00005,LR699764.1,80.435,230,45,0,387,616,9903318,9903089,1.45e-52,213
TC00005,LR699764.1,84.722,144,22,0,239,382,9904039,9903896,2.29e-37,161
TC00005,LR699764.1,89.286,28,3,0,52,79,8979949,8979922,6.6,38.3
TC00005,LR215056.1,81.860,215,39,0,402,616,9839828,9839614,1.45e-52,213
TC00005,LR215056.1,84.722,144,22,0,239,382,9840564,9840421,2.29e-37,161
TC00005,LR215056.1,89.286,28,3,0,52,79,8941697,8941670,6.6,38.3
TC00005,NM_100164.2,75.087,289,72,0,268,556,352,64,3.18e-48,197
TC00005,NC_000932.1,93.519,108,7,0,691,798,104788,104895,6.57e-38,164
TC00005,NC_000932.1,93.519,108,7,0,691,798,133861,133754,6.57e-38,164
TC00005,MK380724.1,93.519,108,7,0,691,798,104795,104902,6.57e-38,164
TC00005,MK380724.1,93.519,108,7,0,691,798,133868,133761,6.57e-38,164
TC00005,MK380723.1,93.519,108,7,0,691,798,104746,104853,6.57e-38,164
TC00005,MK380723.1,93.519,108,7,0,691,798,133790,133683,6.57e-38,164
TC00005,MK380722.1,93.519,108,7,0,691,798,104788,104895,6.57e-38,164
TC00005,MK380722.1,93.519,108,7,0,691,798,133861,133754,6.57e-38,164
TC00005,MK380721.1,93.519,108,7,0,691,798,105248,105355,6.57e-38,164
TC00005,MK380721.1,93.519,108,7,0,691,798,134321,134214,6.57e-38,164
TC00005,MK380720.1,93.519,108,7,0,691,798,104780,104887,6.57e-38,164
TC00005,MK380720.1,93.519,108,7,0,691,798,133853,133746,6.57e-38,164
TC00005,MK380719.1,93.519,108,7,0,691,798,104797,104904,6.57e-38,164
TC00005,MK380719.1,93.519,108,7,0,691,798,133870,133763,6.57e-38,164
TC00005,KX551970.1,93.519,108,7,0,691,798,104830,104937,6.57e-38,164
TC00005,KX551970.1,93.519,108,7,0,691,798,133900,133793,6.57e-38,164
TC00005,AY096798.1,93.519,108,7,0,691,798,97,204,6.57e-38,164
TC00005,AP000423.1,93.519,108,7,0,691,798,104788,104895,6.57e-38,164
TC00005,AP000423.1,93.519,108,7,0,691,798,133861,133754,6.57e-38,164
TC00005,LR699745.2,80.000,115,23,0,268,382,631995,632109,5.40e-20,104
TC00005,LR699745.2,74.658,146,37,0,411,556,632218,632363,8.01e-18,97.8
TC00005,LR699745.2,89.286,28,3,0,232,259,24483073,24483046,6.6,38.3
TC00005,LR699745.2,95.652,23,1,0,243,265,25792911,25792933,6.6,38.3
TC00005,LR699745.2,89.655,29,1,1,605,631,9702603,9702631,6.6,37.4
TC00005,LR699765.1,80.000,115,23,0,268,382,627935,628049,5.40e-20,104
TC00005,LR699765.1,74.825,143,36,0,411,553,628158,628300,8.01e-18,96.9
TC00005,LR699765.1,95.652,23,1,0,243,265,24538574,24538596,6.6,38.3
TC00005,LR699765.1,89.655,29,1,1,605,631,9693500,9693528,6.6,37.4
TC00005,LR699765.1,92.000,25,2,0,235,259,23245294,23245270,6.6,37.4
TC00005,LR699755.1,80.000,115,23,0,268,382,624049,624163,5.40e-20,104
TC00005,LR699755.1,74.658,146,37,0,411,556,624272,624417,8.01e-18,97.8
TC00005,LR699755.1,100.000,39,0,0,760,798,13568919,13568957,3.19e-10,71.6
TC00005,LR699755.1,89.286,28,3,0,232,259,23729380,23729353,6.6,38.3
TC00005,LR699755.1,95.652,23,1,0,243,265,25071372,25071394,6.6,38.3
TC00005,LR699755.1,92.593,27,1,1,686,711,4313593,4313567,6.6,37.4
TC00005,LR699755.1,89.655,29,1,1,605,631,9788068,9788096,6.6,37.4
TC00005,LR699750.1,73.529,170,45,0,411,580,628199,628368,5.40e-20,104
TC00005,LR699750.1,89.286,28,3,0,232,259,24316027,24316000,6.6,38.3
TC00005,LR699750.1,95.652,23,1,0,243,265,25617056,25617078,6.6,38.3
TC00005,LR699750.1,89.655,29,1,1,605,631,9777720,9777748,6.6,37.4
TC00005,CP002684.1,80.000,115,23,0,268,382,625177,625291,5.40e-20,104
TC00005,CP002684.1,74.658,146,37,0,411,556,625400,625545,8.01e-18,97.8
TC00005,CP002684.1,89.286,28,3,0,232,259,24557247,24557220,6.6,38.3
TC00005,CP002684.1,95.652,23,1,0,243,265,25834999,25835021,6.6,38.3
TC00005,CP002684.1,89.655,29,1,1,605,631,9897296,9897324,6.6,37.4
TC00005,AC009525.3,80.000,115,23,0,268,382,67300,67186,5.40e-20,104
TC00005,AC009525.3,74.658,146,37,0,411,556,67077,66932,8.01e-18,97.8
TC00005,LR699760.1,74.658,146,37,0,411,556,635334,635479,8.01e-18,97.8
TC00005,LR699760.1,78.261,115,25,0,268,382,635111,635225,2.80e-17,96.0
TC00005,LR699760.1,82.979,47,7,1,547,593,21826088,21826043,0.013,46.4
TC00005,LR699760.1,89.286,28,3,0,232,259,24290127,24290100,6.6,38.3
TC00005,LR699760.1,95.652,23,1,0,243,265,25574492,25574514,6.6,38.3
TC00005,LR699760.1,89.655,29,1,1,605,631,9814121,9814149,6.6,37.4
TC00005,AP000410.1,83.929,56,9,0,456,511,27526,27581,5.77e-07,61.7
TC00005,AP000410.1,89.655,29,3,0,456,484,27397,27425,1.9,40.1
TC00005,NC_037304.1,85.000,40,6,0,756,795,143803,143764,0.013,46.4
TC00005,JF729202.1,85.000,40,6,0,756,795,345268,345229,0.013,46.4
TC00005,JF729201.1,85.000,40,6,0,756,795,36960,36999,0.013,46.4
TC00005,JF729200.1,85.000,40,6,0,756,795,11937,11898,0.013,46.4
TC00005,Y08501.2,85.000,40,6,0,756,795,11940,11901,0.013,46.4
TC00005,NM_148738.1,87.879,33,4,0,456,488,173,141,0.15,42.8
TC00005,NM_148738.1,89.655,29,3,0,456,484,302,274,1.9,40.1
TC00005,LR699746.2,76.923,52,12,0,43,94,15926568,15926619,0.54,41.0
TC00005,LR699771.1,76.923,52,12,0,43,94,15925392,15925443,0.54,41.0
TC00005,LR699766.1,76.923,52,12,0,43,94,16088412,16088463,0.54,41.0
TC00005,LR699761.1,76.923,52,12,0,43,94,16547331,16547382,0.54,41.0
TC00005,LR699756.1,76.923,52,12,0,43,94,15720183,15720234,0.54,41.0
TC00005,LR699751.1,76.923,52,12,0,43,94,16004603,16004654,0.54,41.0
TC00005,LR215053.1,76.923,52,12,0,43,94,15772241,15772292,0.54,41.0
TC00005,CP002685.1,76.923,52,12,0,43,94,16220433,16220484,0.54,41.0
TC00005,AC007133.7,76.923,52,12,0,43,94,8558,8609,0.54,41.0
TC00005,AL353814.1,85.294,34,5,0,328,361,77770,77737,1.9,40.1
TC00005,NM_113057.3,92.308,26,2,0,243,268,102,127,1.9,39.2
TC00005,NM_001337585.1,87.097,31,4,0,477,507,1707,1737,1.9,39.2
TC00005,NM_001337586.1,87.097,31,4,0,477,507,1693,1723,1.9,39.2
TC00005,AK220939.1,92.308,26,2,0,243,268,70,95,1.9,39.2
TC00005,AB019232.1,92.308,26,2,0,243,268,52092,52067,1.9,39.2
TC00005,LR699770.1,89.286,28,3,0,232,259,24154107,24154080,6.6,38.3
TC00005,LR699770.1,95.652,23,1,0,243,265,25426336,25426358,6.6,38.3
TC00005,LR699770.1,89.655,29,1,1,605,631,9962688,9962716,6.6,37.4
TC00005,LR215052.1,89.286,28,3,0,232,259,24162370,24162343,6.6,38.3
TC00005,LR215052.1,95.652,23,1,0,243,265,25434599,25434621,6.6,38.3
TC00005,LR215052.1,89.655,29,1,1,605,631,10018052,10018080,6.6,37.4
TC00005,NM_105268.7,89.286,28,3,0,232,259,1244,1217,6.6,38.3
TC00005,NM_001334229.1,89.286,28,3,0,232,259,5064,5037,6.6,38.3
TC00005,NM_105552.3,95.652,23,1,0,243,265,3575,3553,6.6,38.3
TC00005,NM_001334228.1,89.286,28,3,0,232,259,3327,3300,6.6,38.3
TC00005,NM_001124084.1,89.286,28,3,0,232,259,1570,1543,6.6,38.3
TC00005,AK222219.1,89.286,28,3,0,232,259,1244,1217,6.6,38.3
TC00005,AK222191.1,89.286,28,3,0,232,259,1143,1116,6.6,38.3
TC00005,AY124873.1,89.286,28,3,0,232,259,1479,1452,6.6,38.3
TC00005,AY081259.1,89.286,28,3,0,232,259,1510,1483,6.6,38.3
TC00005,AF428372.1,89.286,28,3,0,232,259,1511,1484,6.6,38.3
TC00005,AF428294.1,89.286,28,3,0,232,259,1508,1481,6.6,38.3
TC00005,BX815697.1,89.286,28,3,0,232,259,635,608,6.6,38.3
TC00005,AC011914.9,95.652,23,1,0,243,265,62489,62467,6.6,38.3
TC00005,AC009513.2,89.286,28,3,0,232,259,62608,62581,6.6,38.3
TC00007,NM_106198.5,78.846,312,65,1,150,461,554,244,9.11e-68,262
TC00007,AY065459.1,78.846,312,65,1,150,461,406,96,9.11e-68,262
TC00007,BX817767.1,78.846,312,65,1,150,461,336,26,9.11e-68,262
TC00007,AY091226.1,78.778,311,65,1,150,460,310,1,3.18e-67,260
TC00007,DQ027030.1,78.778,311,65,1,150,460,310,1,3.18e-67,260
TC00007,BX817763.1,78.526,312,66,1,150,461,336,26,3.87e-66,258
TC00007,NM_001333242.1,77.451,306,69,0,156,461,431,126,2.98e-61,242
TC00007,NM_103582.4,77.124,306,70,0,156,461,431,126,3.63e-60,237
TC00007,NM_119804.2,77.409,301,68,0,160,460,348,48,3.63e-60,237
TC00007,AK176757.1,77.124,306,70,0,156,461,361,56,3.63e-60,237
TC00007,AY088076.1,77.409,301,68,0,160,460,343,43,3.63e-60,237
TC00007,DQ027031.1,77.409,301,68,0,160,460,301,1,3.63e-60,237
TC00007,AF028340.1,77.409,301,68,0,160,460,319,19,3.63e-60,237
TC00007,DQ027029.1,77.049,305,70,0,156,460,305,1,1.27e-59,235
TC00007,X68306.1,76.797,306,71,0,156,461,367,62,1.54e-58,233
TC00007,NM_123665.5,76.547,307,70,2,156,461,389,84,7.99e-56,223
TC00007,AY058137.1,76.547,307,70,2,156,461,341,36,7.99e-56,223
TC00007,BX833170.1,76.547,307,70,2,156,461,355,50,7.99e-56,223
TC00007,AY101537.1,76.471,306,70,2,156,460,305,1,2.79e-55,221
TC00007,BX818040.1,76.144,306,71,1,156,461,341,38,2.79e-55,221
TC00007,BX833142.1,76.393,305,70,2,156,459,304,1,9.74e-55,219
TC00007,BX818580.1,71.906,299,84,0,156,454,301,3,2.29e-37,161
TC00007,AF028341.1,81.416,113,21,0,156,268,113,1,1.27e-21,110
TC00007,LR699760.1,84.536,97,15,0,223,319,16800022,16799926,4.43e-21,108
TC00007,LR699760.1,79.630,108,22,0,325,432,28087775,28087668,8.01e-18,96.9
TC00007,LR699760.1,79.439,107,22,0,222,328,28087965,28087859,2.80e-17,95.1
TC00007,LR699760.1,75.000,100,25,0,325,424,16799826,16799727,3.89e-09,68.9
TC00007,LR699760.1,85.185,54,8,0,156,209,16800352,16800299,1.65e-07,62.6
TC00007,LR699760.1,71.552,116,24,2,514,629,227919,227813,5.77e-07,60.8
TC00007,LR699760.1,92.857,28,1,1,395,422,13593967,13593993,1.9,39.2
TC00007,LR699760.1,92.308,26,2,0,75,100,23903993,23904018,1.9,39.2
TC00007,LR699760.1,84.848,33,5,0,56,88,19297597,19297629,6.6,38.3
TC00007,LR699760.1,78.723,47,9,1,81,126,18074074,18074028,6.6,37.4
TC00007,LR699760.1,87.500,32,3,1,86,117,20845029,20844999,6.6,37.4
TC00007,LR699755.1,84.536,97,15,0,223,319,16216277,16216181,4.43e-21,108
TC00007,LR699755.1,79.630,108,22,0,325,432,27539380,27539273,8.01e-18,96.9
TC00007,LR699755.1,79.439,107,22,0,222,328,27539570,27539464,2.80e-17,95.1
TC00007,LR699755.1,75.000,100,25,0,325,424,16216085,16215986,3.89e-09,68.9
TC00007,LR699755.1,85.185,54,8,0,156,209,16216607,16216554,1.65e-07,62.6
TC00007,LR699755.1,71.552,116,24,2,514,629,226074,225968,5.77e-07,60.8
TC00007,LR699755.1,92.308,26,2,0,75,100,23357470,23357495,1.9,39.2
TC00007,LR699755.1,78.723,47,9,1,81,126,17505374,17505328,6.6,37.4
TC00007,LR699755.1,86.667,30,4,0,83,112,20282876,20282847,6.6,37.4
TC00007,CP002684.1,84.536,97,15,0,223,319,17031763,17031667,4.43e-21,108
TC00007,CP002684.1,79.630,108,22,0,325,432,28313847,28313740,8.01e-18,96.9
TC00007,CP002684.1,79.439,107,22,0,222,328,28314037,28313931,2.80e-17,95.1
TC00007,CP002684.1,75.000,100,25,0,325,424,17031571,17031472,3.89e-09,68.9
TC00007,CP002684.1,85.185,54,8,0,156,209,17032093,17032040,1.65e-07,62.6
TC00007,CP002684.1,71.552,116,24,2,514,629,227180,227074,5.77e-07,60.8
TC00007,CP002684.1,92.857,28,1,1,395,422,13595482,13595508,1.9,39.2
TC00007,CP002684.1,92.308,26,2,0,75,100,24173376,24173401,1.9,39.2
TC00007,CP002684.1,78.723,47,9,1,81,126,18298715,18298669,6.6,37.4
TC00007,CP002684.1,86.667,30,4,0,83,112,21057490,21057461,6.6,37.4
TC00007,AC007915.3,84.536,97,15,0,223,319,57723,57627,4.43e-21,108
TC00007,AC007915.3,75.000,100,25,0,325,424,57531,57432,3.89e-09,68.9
TC00007,AC007915.3,85.185,54,8,0,156,209,58053,58000,1.65e-07,62.6
TC00007,AF028338.1,84.536,97,15,0,223,319,486,390,4.43e-21,108
TC00007,AF028338.1,75.258,97,24,0,328,424,291,195,3.89e-09,68.0
TC00007,AF028338.1,85.185,54,8,0,156,209,816,763,1.65e-07,62.6
TC00007,LR699748.2,81.308,107,20,0,222,328,17404969,17404863,5.40e-20,104
TC00007,LR699748.2,82.432,74,13,0,154,227,17405125,17405052,2.62e-11,76.1
TC00007,LR699748.2,80.263,76,15,0,325,400,17404790,17404715,1.11e-09,70.7
TC00007,LR699748.2,74.336,113,21,4,518,629,12359022,12359127,1.65e-07,63.5
TC00007,LR699748.2,84.211,38,6,0,10,47,7525092,7525129,0.15,42.8
TC00007,LR699745.2,83.505,97,16,0,223,319,16839820,16839724,5.40e-20,104
TC00007,LR699745.2,79.630,108,22,0,325,432,28267070,28266963,8.01e-18,96.9
TC00007,LR699745.2,79.439,107,22,0,222,328,28267260,28267154,2.80e-17,95.1
TC00007,LR699745.2,75.000,100,25,0,325,424,16839625,16839526,3.89e-09,68.9
TC00007,LR699745.2,85.185,54,8,0,156,209,16840203,16840150,1.65e-07,62.6
TC00007,LR699745.2,71.552,116,24,2,514,629,232641,232535,5.77e-07,60.8
TC00007,LR699745.2,92.857,28,1,1,395,422,13420626,13420652,1.9,39.2
TC00007,LR699745.2,92.308,26,2,0,75,100,24103014,24103039,1.9,39.2
TC00007,LR699745.2,78.723,47,9,1,81,126,18149757,18149711,6.6,37.4
TC00007,LR699745.2,86.667,30,4,0,83,112,20904347,20904318,6.6,37.4
TC00007,LR699773.1,81.308,107,20,0,222,328,17703955,17703849,5.40e-20,104
TC00007,LR699773.1,82.432,74,13,0,154,227,17704111,17704038,2.62e-11,76.1
TC00007,LR699773.1,80.263,76,15,0,325,400,17703776,17703701,1.11e-09,70.7
TC00007,LR699773.1,74.336,113,21,4,518,629,12647078,12647183,1.65e-07,63.5
TC00007,LR699770.1,83.505,97,16,0,223,319,16741300,16741204,5.40e-20,104
TC00007,LR699770.1,79.630,108,22,0,325,432,27918380,27918273,8.01e-18,96.9
TC00007,LR699770.1,79.439,107,22,0,222,328,27918570,27918464,2.80e-17,95.1
TC00007,LR699770.1,75.000,100,25,0,325,424,16741105,16741006,3.89e-09,68.9
TC00007,LR699770.1,85.185,54,8,0,156,209,16741683,16741630,1.65e-07,62.6
TC00007,LR699770.1,71.552,116,24,2,514,629,226136,226030,5.77e-07,60.8
TC00007,LR699770.1,92.308,26,2,0,75,100,23776493,23776518,1.9,39.2
TC00007,LR699770.1,86.667,30,4,0,83,112,20677020,20676991,6.6,37.4
TC00007,LR699768.1,81.308,107,20,0,222,328,17182736,17182630,5.40e-20,104
TC00007,LR699768.1,82.432,74,13,0,154,227,17182892,17182819,2.62e-11,76.1
TC00007,LR699768.1,80.263,76,15,0,325,400,17182557,17182482,1.11e-09,70.7
TC00007,LR699768.1,74.336,113,21,4,518,629,12171094,12171199,1.65e-07,63.5
TC00007,LR699768.1,85.714,35,4,1,13,47,7262743,7262776,6.6,38.3
TC00007,LR699765.1,83.505,97,16,0,223,319,15795037,15794941,5.40e-20,104
TC00007,LR699765.1,79.630,108,22,0,325,432,27045950,27045843,8.01e-18,96.9
TC00007,LR699765.1,79.439,107,22,0,222,328,27046140,27046034,2.80e-17,95.1
TC00007,LR699765.1,75.000,100,25,0,325,424,15794842,15794743,3.89e-09,68.9
TC00007,LR699765.1,85.185,54,8,0,156,209,15795420,15795367,1.65e-07,62.6
TC00007,LR699765.1,71.552,116,24,2,514,629,226773,226667,5.77e-07,60.8
TC00007,LR699765.1,92.308,26,2,0,75,100,22868732,22868757,1.9,39.2
TC00007,LR699765.1,78.723,47,9,1,81,126,17068151,17068105,6.6,37.4
TC00007,LR699765.1,86.667,30,4,0,83,112,19831123,19831094,6.6,37.4
TC00007,LR699763.1,81.308,107,20,0,222,328,16971840,16971734,5.40e-20,104
TC00007,LR699763.1,81.081,74,14,0,154,227,16971996,16971923,3.19e-10,71.6
TC00007,LR699763.1,80.263,76,15,0,325,400,16971661,16971586,1.11e-09,70.7
TC00007,LR699763.1,74.336,113,21,4,518,629,11938451,11938556,1.65e-07,63.5
TC00007,LR699763.1,80.851,47,6,2,115,158,6438763,6438809,1.9,39.2
TC00007,LR699763.1,92.000,25,2,0,23,47,7076647,7076671,6.6,37.4
TC00007,LR699758.1,81.308,107,20,0,222,328,17415128,17415022,5.40e-20,104
TC00007,LR699758.1,81.081,74,14,0,154,227,17415284,17415211,3.19e-10,71.6
TC00007,LR699758.1,80.263,76,15,0,325,400,17414949,17414874,1.11e-09,70.7
TC00007,LR699758.1,74.336,113,21,4,518,629,12399103,12399208,1.65e-07,63.5
TC00007,LR699758.1,84.211,38,6,0,10,47,7542956,7542993,0.15,42.8
TC00007,LR699753.1,81.308,107,20,0,222,328,17495935,17495829,5.40e-20,104
TC00007,LR699753.1,82.432,74,13,0,154,227,17496091,17496018,2.62e-11,76.1
TC00007,LR699753.1,80.263,76,15,0,325,400,17495756,17495681,1.11e-09,70.7
TC00007,LR699753.1,74.336,113,21,4,518,629,12412602,12412707,1.65e-07,63.5
TC00007,LR699750.1,83.505,97,16,0,223,319,16923855,16923759,5.40e-20,104
TC00007,LR699750.1,79.630,108,22,0,325,432,28098467,28098360,8.01e-18,96.9
TC00007,LR699750.1,79.439,107,22,0,222,328,28098657,28098551,2.80e-17,95.1
TC00007,LR699750.1,75.000,100,25,0,325,424,16923660,16923561,3.89e-09,68.9
TC00007,LR699750.1,85.185,54,8,0,156,209,16924238,16924185,1.65e-07,62.6
TC00007,LR699750.1,71.552,116,24,2,514,629,226600,226494,5.77e-07,60.8
TC00007,LR699750.1,92.308,26,2,0,75,100,23927926,23927951,1.9,39.2
TC00007,LR699750.1,78.723,47,9,1,81,126,18183605,18183559,6.6,37.4
TC00007,LR699750.1,86.667,30,4,0,83,112,20927542,20927513,6.6,37.4
TC00007,LR215055.1,81.308,107,20,0,222,328,17619093,17618987,5.40e-20,104
TC00007,LR215055.1,82.432,74,13,0,154,227,17619249,17619176,2.62e-11,76.1
TC00007,LR215055.1,80.263,76,15,0,325,400,17618914,17618839,1.11e-09,70.7
TC00007,LR215055.1,74.336,113,21,4,518,629,12562216,12562321,1.65e-07,63.5
TC00007,LR215052.1,83.505,97,16,0,223,319,16749563,16749467,5.40e-20,104
TC00007,LR215052.1,79.630,108,22,0,325,432,27926643,27926536,8.01e-18,96.9
TC00007,LR215052.1,79.439,107,22,0,222,328,27926833,27926727,2.80e-17,95.1
TC00007,LR215052.1,75.000,100,25,0,325,424,16749368,16749269,3.89e-09,68.9
TC00007,LR215052.1,85.185,54,8,0,156,209,16749946,16749893,1.65e-07,62.6
TC00007,LR215052.1,71.552,116,24,2,514,629,218979,218873,5.77e-07,60.8
TC00007,LR215052.1,92.308,26,2,0,75,100,23784756,23784781,1.9,39.2
TC00007,LR215052.1,86.667,30,4,0,83,112,20685283,20685254,6.6,37.4
TC00007,CP002687.1,81.308,107,20,0,222,328,17202386,17202280,5.40e-20,104
TC00007,CP002687.1,82.432,74,13,0,154,227,17202542,17202469,2.62e-11,76.1
TC00007,CP002687.1,80.263,76,15,0,325,400,17202207,17202132,1.11e-09,70.7
TC00007,CP002687.1,74.336,113,21,4,518,629,12220792,12220897,1.65e-07,63.5
TC00007,CP002687.1,84.211,38,6,0,10,47,7336096,7336133,0.15,42.8
TC00007,AL161589.2,81.308,107,20,0,222,328,83695,83589,5.40e-20,104
TC00007,AL161589.2,82.432,74,13,0,154,227,83851,83778,2.62e-11,76.1
TC00007,AL161589.2,80.263,76,15,0,325,400,83516,83441,1.11e-09,70.7
TC00007,Z99708.1,81.308,107,20,0,222,328,167033,167139,5.40e-20,104
TC00007,Z99708.1,82.432,74,13,0,154,227,166877,166950,2.62e-11,76.1
TC00007,Z99708.1,80.263,76,15,0,325,400,167212,167287,1.11e-09,70.7
TC00007,LR699749.2,79.630,108,22,0,223,330,17071904,17072011,8.01e-18,96.9
TC00007,LR699749.2,80.000,70,14,0,157,226,17071617,17071686,4.73e-08,64.4
TC00007,LR699749.2,75.248,101,23,2,325,424,17072091,17072190,1.65e-07,63.5
TC00007,LR699749.2,85.714,35,3,1,114,146,16724914,16724880,1.9,39.2
TC00007,LR699749.2,95.652,23,1,0,119,141,19795126,19795104,6.6,38.3
TC00007,LR699774.1,79.630,108,22,0,223,330,16901974,16902081,8.01e-18,96.9
TC00007,LR699774.1,80.000,70,14,0,157,226,16901686,16901755,4.73e-08,64.4
TC00007,LR699774.1,75.248,101,23,2,325,424,16902161,16902260,1.65e-07,63.5
TC00007,LR699774.1,85.714,35,3,1,114,146,16556668,16556634,1.9,39.2
TC00007,LR699774.1,95.652,23,1,0,119,141,19621770,19621748,6.6,38.3
TC00007,LR699769.1,79.630,108,22,0,223,330,16904672,16904779,8.01e-18,96.9
TC00007,LR699769.1,80.000,70,14,0,157,226,16904386,16904455,4.73e-08,64.4
TC00007,LR699769.1,75.248,101,23,2,325,424,16904861,16904960,1.65e-07,63.5
TC00007,LR699769.1,85.714,35,3,1,114,146,16546707,16546673,1.9,39.2
TC00007,LR699769.1,95.652,23,1,0,119,141,19625808,19625786,6.6,38.3
TC00007,LR699764.1,79.630,108,22,0,223,330,16795169,16795276,8.01e-18,96.9
TC00007,LR699764.1,80.000,70,14,0,157,226,16794882,16794951,4.73e-08,64.4
TC00007,LR699764.1,75.248,101,23,2,325,424,16795357,16795456,1.65e-07,63.5
TC00007,LR699764.1,85.714,35,3,1,114,146,16441056,16441022,1.9,39.2
TC00007,LR699764.1,95.652,23,1,0,119,141,19489849,19489827,6.6,38.3
TC00007,LR699759.1,79.630,108,22,0,223,330,17141752,17141859,8.01e-18,96.9
TC00007,LR699759.1,80.000,70,14,0,157,226,17141466,17141535,4.73e-08,64.4
TC00007,LR699759.1,75.248,101,23,2,325,424,17141941,17142040,1.65e-07,63.5
TC00007,LR699759.1,85.714,35,3,1,114,146,16765242,16765208,1.9,39.2
TC00007,LR699759.1,95.652,23,1,0,119,141,19858176,19858154,6.6,38.3
TC00007,LR699754.1,79.630,108,22,0,223,330,17381059,17381166,8.01e-18,96.9
TC00007,LR699754.1,80.000,70,14,0,157,226,17380772,17380841,4.73e-08,64.4
TC00007,LR699754.1,75.248,101,23,2,325,424,17381247,17381346,1.65e-07,63.5
TC00007,LR699754.1,85.714,35,3,1,114,146,17024118,17024084,1.9,39.2
TC00007,LR699754.1,95.652,23,1,0,119,141,20064299,20064277,6.6,38.3
TC00007,LR215056.1,79.630,108,22,0,223,330,16694006,16694113,8.01e-18,96.9
TC00007,LR215056.1,80.000,70,14,0,157,226,16693718,16693787,4.73e-08,64.4
TC00007,LR215056.1,75.248,101,23,2,325,424,16694193,16694292,1.65e-07,63.5
TC00007,LR215056.1,85.714,35,3,1,114,146,16348700,16348666,1.9,39.2
TC00007,LR215056.1,95.652,23,1,0,119,141,19413802,19413780,6.6,38.3
TC00007,CP002688.1,79.630,108,22,0,223,330,17245496,17245603,8.01e-18,96.9
TC00007,CP002688.1,80.000,70,14,0,157,226,17245210,17245279,4.73e-08,64.4
TC00007,CP002688.1,75.248,101,23,2,325,424,17245685,17245784,1.65e-07,63.5
TC00007,CP002688.1,85.714,35,3,1,114,146,16897524,16897490,1.9,39.2
TC00007,CP002688.1,82.927,41,3,2,59,96,9808799,9808760,6.6,38.3
TC00007,CP002688.1,95.652,23,1,0,119,141,20003516,20003494,6.6,38.3
TC00007,AC023754.3,79.630,108,22,0,325,432,47961,48068,8.01e-18,96.9
TC00007,AC023754.3,79.439,107,22,0,222,328,47771,47877,2.80e-17,95.1
TC00007,AB008264.1,79.630,108,22,0,223,330,74418,74525,8.01e-18,96.9
TC00007,AB008264.1,80.000,70,14,0,157,226,74132,74201,4.73e-08,64.4
TC00007,AB008264.1,75.248,101,23,2,325,424,74607,74706,1.65e-07,63.5
TC00007,AF028339.1,79.630,108,22,0,325,432,225,118,8.01e-18,96.9
TC00007,AF028339.1,79.439,107,22,0,222,328,415,309,2.80e-17,95.1
TC00007,AF028339.1,81.667,60,11,0,150,209,711,652,2.01e-06,59.9
TC00007,LR699747.2,73.276,116,22,1,514,629,22255132,22255238,9.14e-11,74.3
TC00007,LR699772.1,73.276,116,22,1,514,629,22618896,22619002,9.14e-11,74.3
TC00007,LR699772.1,95.652,23,1,0,9,31,11669357,11669379,6.6,38.3
TC00007,LR699767.1,73.276,116,22,1,514,629,23006471,23006577,9.14e-11,74.3
TC00007,LR699762.1,73.276,116,22,1,514,629,22448880,22448986,9.14e-11,74.3
TC00007,LR699762.1,85.714,35,3,1,9,41,3682043,3682009,1.9,39.2
TC00007,LR699757.1,73.276,116,22,1,514,629,23510632,23510738,9.14e-11,74.3
TC00007,LR699757.1,95.652,23,1,0,9,31,11545184,11545206,6.6,38.3
TC00007,LR699752.1,73.276,116,22,1,514,629,21983718,21983824,9.14e-11,74.3
TC00007,LR215054.1,73.276,116,22,1,514,629,22620149,22620255,9.14e-11,74.3
TC00007,LR215054.1,95.652,23,1,0,9,31,11745358,11745380,6.6,38.3
TC00007,LS468436.1,73.276,116,22,1,514,629,24,130,9.14e-11,74.3
TC00007,LT950671.1,73.276,116,22,1,514,629,24,130,9.14e-11,74.3
TC00007,NM_116008.4,73.276,116,22,1,514,629,411,517,9.14e-11,74.3
TC00007,NM_001084854.2,73.276,116,22,1,514,629,254,360,9.14e-11,74.3
TC00007,CP002686.1,73.276,116,22,1,514,629,22733653,22733759,9.14e-11,74.3
TC00007,AK229222.1,73.276,116,22,1,514,629,64,170,9.14e-11,74.3
TC00007,AY058113.1,73.276,116,22,1,514,629,64,170,9.14e-11,74.3
TC00007,BX824209.1,73.276,116,22,1,514,629,22,128,9.14e-11,74.3
TC00007,BX823595.1,73.276,116,22,1,514,629,43,149,9.14e-11,74.3
TC00007,AL132962.1,73.276,116,22,1,514,629,27794,27900,9.14e-11,74.3
TC00007,X75881.1,73.276,116,22,1,514,629,48,154,9.14e-11,74.3
TC00007,AY097398.1,73.214,112,21,1,518,629,1,103,3.19e-10,71.6
TC00007,AY088439.1,72.414,116,23,1,514,629,180,286,1.11e-09,69.8
TC00007,NM_118469.4,74.336,113,21,4,518,629,152,257,1.65e-07,63.5
TC00007,AY081593.1,74.336,113,21,4,518,629,1,106,1.65e-07,63.5
TC00007,AY059948.1,74.336,113,21,4,518,629,50,155,1.65e-07,63.5
TC00007,BX827146.1,74.336,113,21,4,518,629,39,144,1.65e-07,63.5
TC00007,BX827200.1,74.336,113,21,4,518,629,14,119,1.65e-07,63.5
TC00007,AY087945.1,74.336,113,21,4,518,629,48,153,1.65e-07,63.5
TC00007,AL161559.2,74.336,113,21,4,518,629,74374,74479,1.65e-07,63.5
TC00007,AL031326.1,74.336,113,21,4,518,629,32842,32947,1.65e-07,63.5
TC00007,NM_100044.5,71.552,116,24,2,514,629,364,470,5.77e-07,60.8
TC00007,AY062610.1,71.552,116,24,2,514,629,51,157,5.77e-07,60.8
TC00007,BX816517.1,71.552,116,24,2,514,629,41,147,5.77e-07,60.8
TC00007,AC061957.3,71.552,116,24,2,514,629,64287,64181,5.77e-07,60.8
TC00007,X75882.1,71.552,116,24,2,514,629,29,135,5.77e-07,60.8
TC00007,X69294.1,71.552,116,24,2,514,629,10,116,5.77e-07,60.8
TC00007,AF348574.1,71.429,112,23,2,518,629,1,103,7.02e-06,58.1
TC00007,BT002101.1,71.429,112,23,2,518,629,1,103,7.02e-06,58.1
TC00007,NM_001083972.1,71.171,111,23,2,514,624,123,224,2.45e-05,56.3
TC00007,LR699756.1,68.966,116,27,2,514,629,18444011,18444117,0.013,47.3
TC00007,LR699756.1,86.667,30,4,0,116,145,11293278,11293249,6.6,37.4
TC00007,AL161534.2,84.211,38,6,0,10,47,8222,8259,0.15,42.8
TC00007,AL049730.2,84.211,38,6,0,10,47,3691,3728,0.15,42.8
TC00007,AL080318.1,84.211,38,6,0,10,47,70193,70230,0.15,42.8
TC00007,NM_123590.6,85.714,35,3,1,114,146,1485,1451,1.9,39.2
TC00007,AY081332.1,85.714,35,3,1,114,146,1292,1258,1.9,39.2
TC00007,AC025781.8,92.857,28,1,1,395,422,59419,59445,1.9,39.2
TC00007,AC009360.3,92.308,26,2,0,75,100,18662,18687,1.9,39.2
TC00007,AB023032.1,85.714,35,3,1,114,146,36068,36034,1.9,39.2
TC00010,LR699748.2,94.570,442,23,1,1,442,4528,4968,0.0,686
TC00010,LR699748.2,95.023,221,11,0,1,221,12750,12970,7.98e-94,350
TC00010,LR699773.1,94.570,442,23,1,1,442,9011,9451,0.0,686
TC00010,LR699773.1,94.570,442,23,1,1,442,19477,19917,0.0,686
TC00010,LR699773.1,94.570,442,23,1,1,442,29883,30323,0.0,686
TC00010,LR699773.1,82.857,35,6,0,346,380,11459128,11459162,6.6,37.4
TC00010,LR699772.1,94.570,442,23,1,1,442,14215964,14216404,0.0,686
TC00010,LR699772.1,94.570,442,23,1,1,442,14226136,14226576,0.0,686
TC00010,LR699772.1,94.570,442,23,1,1,442,14236312,14236752,0.0,686
TC00010,LR699772.1,94.570,442,23,1,1,442,14251860,14252300,0.0,686
TC00010,LR699762.1,94.570,442,23,1,1,442,14017536,14017976,0.0,686
TC00010,LR699762.1,94.570,442,23,1,1,442,14027107,14027547,0.0,686
TC00010,LR699762.1,94.570,442,23,1,1,442,14036684,14037124,0.0,686
TC00010,LR699752.1,94.570,442,23,1,1,442,13331956,13332396,0.0,686
TC00010,LR699752.1,94.570,442,23,1,1,442,13341922,13342362,0.0,686
TC00010,LR699752.1,94.570,442,23,1,1,442,13352968,13353408,0.0,686
TC00010,LR699752.1,94.570,442,23,1,1,442,13363549,13363989,0.0,686
TC00010,LR699752.1,94.570,442,23,1,1,442,13370575,13371015,0.0,686
TC00010,LR699752.1,94.570,442,23,1,1,442,13380524,13380964,0.0,686
TC00010,LR699752.1,94.570,442,23,1,1,442,13390474,13390914,0.0,686
TC00010,LR215055.1,94.570,442,23,1,1,442,9011,9451,0.0,686
TC00010,LR215055.1,94.570,442,23,1,1,442,19477,19917,0.0,686
TC00010,LR215055.1,94.570,442,23,1,1,442,29883,30323,0.0,686
TC00010,LR215055.1,82.857,35,6,0,346,380,11374266,11374300,6.6,37.4
TC00010,LR215054.1,94.570,442,23,1,1,442,14248867,14249307,0.0,686
TC00010,LR215054.1,94.570,442,23,1,1,442,14259039,14259479,0.0,686
TC00010,LR215054.1,94.570,442,23,1,1,442,14269215,14269655,0.0,686
TC00010,LR215054.1,94.570,442,23,1,1,442,14284763,14285203,0.0,686
TC00010,LS466782.1,94.570,442,23,1,1,442,2011,2451,0.0,686
TC00010,LT949017.1,94.570,442,23,1,1,442,2011,2451,0.0,686
TC00010,NR_143912.1,94.570,442,23,1,1,442,1685,2125,0.0,686
TC00010,CP002686.1,94.570,442,23,1,1,442,14201899,14202339,0.0,686
TC00010,AK230153.1,94.570,442,23,1,1,442,1702,1262,0.0,686
TC00010,AY090986.1,94.570,442,23,1,1,442,1138,1578,0.0,686
TC00010,LR699751.1,94.357,443,23,2,1,442,8969,9410,0.0,680
TC00010,LR699751.1,89.062,64,7,0,48,111,9794498,9794435,5.05e-14,85.1
TC00010,LS459607.1,94.118,442,25,1,1,442,2118,2558,0.0,677
TC00010,LT941842.1,94.118,442,25,1,1,442,2118,2558,0.0,677
TC00010,NR_143716.1,94.118,442,25,1,1,442,260,700,0.0,677
TC00010,CP002685.1,94.118,442,25,1,1,442,7928,8368,0.0,677
TC00010,CP002685.1,89.062,64,7,0,48,111,9986612,9986549,5.05e-14,85.1
TC00010,AC006837.16,94.118,442,25,1,1,442,6928,7368,0.0,677
TC00010,LR699753.1,93.891,442,26,1,1,442,21614,22054,0.0,673
TC00010,LR699753.1,91.611,453,27,10,1,442,2940,3392,1.53e-172,611
TC00010,LR699753.1,93.720,207,12,1,236,442,49601,49806,2.01e-82,312
TC00010,LR699753.1,82.857,35,6,0,346,380,11252072,11252106,6.6,37.4
TC00010,X52322.1,93.891,442,25,2,1,442,8336,8775,0.0,669
TC00010,X52320.1,93.891,442,25,2,1,442,2632,3071,0.0,669
TC00010,LR699771.1,93.665,442,27,1,1,442,33351,33791,0.0,668
TC00010,LR699771.1,93.439,442,28,1,1,442,5550,5990,0.0,664
TC00010,LR699771.1,89.062,64,7,0,48,111,9712678,9712615,5.05e-14,85.1
TC00010,LR215053.1,93.665,442,27,1,1,442,25462,25902,0.0,668
TC00010,LR215053.1,89.062,64,7,0,48,111,9559527,9559464,5.05e-14,85.1
TC00010,BX819090.1,92.986,442,30,1,1,442,53,493,0.0,655
TC00010,BX820499.1,94.213,432,20,4,1,432,1150,1576,0.0,654
TC00010,AC004708.1,89.038,447,38,6,1,442,18530,18970,4.70e-160,569
TC00010,AC004708.1,86.118,389,35,7,1,380,8114,8492,1.35e-122,444
TC00010,LR699746.2,94.340,212,12,0,1,212,26559,26770,7.47e-88,329
TC00010,LR699746.2,94.416,197,11,0,1,197,29635,29831,8.53e-81,306
TC00010,LR699746.2,92.896,183,12,1,260,442,29837,30018,2.14e-69,269
TC00010,LR699746.2,89.062,64,7,0,48,111,9752435,9752372,5.05e-14,85.1
TC00010,KJ935157.1,97.931,145,3,0,298,442,1293,1149,2.01e-63,249
TC00010,LR699749.2,93.243,148,10,0,121,268,14448461,14448314,7.99e-56,223
TC00010,LR699766.1,89.062,64,7,0,48,111,9856584,9856521,5.05e-14,85.1
TC00010,LR699761.1,89.062,64,7,0,48,111,10208949,10208886,5.05e-14,85.1
TC00010,LR699756.1,89.062,64,7,0,48,111,9501855,9501792,5.05e-14,85.1
TC00010,AC003040.3,89.062,64,7,0,48,111,37977,37914,5.05e-14,85.1
TC00010,LS462322.1,92.308,39,3,0,73,111,52,14,7.02e-06,58.1
TC00010,LT944557.1,92.308,39,3,0,73,111,52,14,7.02e-06,58.1
TC00010,AB963169.1,100.000,30,0,0,314,343,1,30,2.45e-05,55.4
TC00010,AB949258.1,100.000,30,0,0,76,105,1,30,2.45e-05,55.4
TC00010,AB953015.1,100.000,30,0,0,60,89,1,30,2.45e-05,55.4
TC00010,AB963980.1,100.000,29,0,0,83,111,1,29,8.56e-05,53.6
TC00010,AB966532.1,100.000,29,0,0,61,89,1,29,8.56e-05,53.6
TC00010,AB965694.1,100.000,29,0,0,76,104,1,29,8.56e-05,53.6
TC00010,AB951296.1,100.000,28,0,0,222,249,1,28,2.99e-04,51.8
TC00010,AB951140.1,100.000,28,0,0,167,194,3,30,2.99e-04,51.8
TC00010,AB963445.1,100.000,28,0,0,67,94,1,28,2.99e-04,51.8
TC00010,AB967679.1,100.000,28,0,0,76,103,1,28,2.99e-04,51.8
TC00010,AB955863.1,100.000,28,0,0,59,86,1,28,2.99e-04,51.8
TC00010,AB950436.1,100.000,28,0,0,355,382,1,28,2.99e-04,51.8
TC00010,AB950130.1,100.000,28,0,0,349,376,1,28,2.99e-04,51.8
TC00010,AB959211.1,100.000,28,0,0,78,105,1,28,2.99e-04,51.8
TC00010,AB958121.1,100.000,28,0,0,167,194,2,29,2.99e-04,51.8
TC00010,AB957570.1,100.000,28,0,0,392,419,1,28,2.99e-04,51.8
TC00010,AB956233.1,96.667,30,1,0,164,193,1,30,0.001,50.9
TC00010,AB950201.1,96.667,30,1,0,163,192,1,30,0.001,50.9
TC00010,AB957298.1,100.000,27,0,0,397,423,1,27,0.001,50.0
TC00010,AB960718.1,100.000,27,0,0,317,343,1,27,0.001,50.0
TC00010,AB966623.1,100.000,27,0,0,318,344,1,27,0.001,50.0
TC00010,AB959748.1,100.000,27,0,0,82,108,1,27,0.001,50.0
TC00010,AB955765.1,100.000,27,0,0,167,193,3,29,0.001,50.0
TC00010,AB965654.1,100.000,27,0,0,167,193,2,28,0.001,50.0
TC00010,AB949441.1,100.000,27,0,0,35,61,3,29,0.001,50.0
TC00010,AB954077.1,100.000,27,0,0,167,193,1,27,0.001,50.0
TC00010,AB953994.1,100.000,27,0,0,416,442,1,27,0.001,50.0
TC00010,AB958730.1,100.000,27,0,0,310,336,2,28,0.001,50.0
TC00010,AB953010.1,100.000,27,0,0,39,65,1,27,0.001,50.0
TC00010,AB957819.1,100.000,27,0,0,399,425,1,27,0.001,50.0
TC00010,AB961548.1,100.000,27,0,0,314,340,1,27,0.001,50.0
TC00010,AB951353.1,96.552,29,1,0,164,192,1,29,0.004,49.1
TC00010,AB962280.1,96.552,29,1,0,162,190,1,29,0.004,49.1
TC00010,AB964835.1,96.552,29,1,0,122,150,1,29,0.004,49.1
TC00010,AB961242.1,100.000,26,0,0,50,75,1,26,0.004,48.2
TC00010,AB957280.1,100.000,26,0,0,357,382,1,26,0.004,48.2
TC00010,AB960729.1,100.000,26,0,0,168,193,1,26,0.004,48.2
TC00010,AB951288.1,100.000,26,0,0,398,423,1,26,0.004,48.2
TC00010,AB966598.1,100.000,26,0,0,224,249,1,26,0.004,48.2
TC00010,AB963773.1,100.000,26,0,0,87,112,1,26,0.004,48.2
TC00010,AB950074.1,100.000,26,0,0,223,248,1,26,0.004,48.2
TC00010,AB959276.1,100.000,26,0,0,310,335,2,27,0.004,48.2
TC00010,AB959271.1,100.000,26,0,0,388,413,1,26,0.004,48.2
TC00010,AB949294.1,100.000,26,0,0,167,192,2,27,0.004,48.2
TC00010,AB949281.1,100.000,26,0,0,323,348,1,26,0.004,48.2
TC00010,AB955131.1,100.000,26,0,0,417,442,1,26,0.004,48.2
TC00010,AB949004.1,100.000,26,0,0,417,442,1,26,0.004,48.2
TC00010,AB954373.1,100.000,26,0,0,75,100,1,26,0.004,48.2
TC00010,AB953041.1,100.000,26,0,0,61,86,1,26,0.004,48.2
TC00010,AB952953.1,100.000,26,0,0,348,373,1,26,0.004,48.2
TC00010,AB952178.1,100.000,26,0,0,355,380,1,26,0.004,48.2
TC00010,AB952148.1,100.000,26,0,0,399,424,1,26,0.004,48.2
TC00010,AB964965.1,100.000,26,0,0,318,343,1,26,0.004,48.2
TC00010,AB957638.1,100.000,26,0,0,97,122,1,26,0.004,48.2
TC00010,AB964287.1,96.429,28,1,0,157,184,1,28,0.013,47.3
TC00010,AB951611.1,96.429,28,1,0,301,328,1,28,0.013,47.3
TC00010,AB964045.1,96.429,28,1,0,116,143,1,28,0.013,47.3
TC00010,AB955822.1,96.429,28,1,0,162,189,1,28,0.013,47.3
TC00010,AB961182.1,100.000,25,0,0,395,419,1,25,0.013,46.4
TC00010,AB964276.1,93.333,30,2,0,204,233,1,30,0.013,46.4
TC00010,AB966870.1,100.000,25,0,0,70,94,1,25,0.013,46.4
TC00010,AB956850.1,93.333,30,2,0,363,392,1,30,0.013,46.4
TC00010,AB960583.1,93.333,30,2,0,362,391,1,30,0.013,46.4
TC00010,AB966660.1,100.000,25,0,0,398,422,1,25,0.013,46.4


